ProductName,Sum of OrderQty
A. Datum Advanced Digital Camera M300 Azure,77
A. Datum Advanced Digital Camera M300 Black,142
A. Datum Advanced Digital Camera M300 Green,96
A. Datum Advanced Digital Camera M300 Grey,207
A. Datum Advanced Digital Camera M300 Orange,115
A. Datum Advanced Digital Camera M300 Pink,89
A. Datum Advanced Digital Camera M300 Silver,103
A. Datum All in One Digital Camera M200 Azure,10
A. Datum All in One Digital Camera M200 Black,142
A. Datum All in One Digital Camera M200 Green,198
A. Datum All in One Digital Camera M200 Grey,140
A. Datum All in One Digital Camera M200 Orange,78
A. Datum All in One Digital Camera M200 Pink,155
A. Datum All in One Digital Camera M200 Silver,91
A. Datum Bridge Digital Camera M300 Azure,141
A. Datum Bridge Digital Camera M300 Black,113
A. Datum Bridge Digital Camera M300 Green,205
A. Datum Bridge Digital Camera M300 Grey,166
A. Datum Bridge Digital Camera M300 Orange,212
A. Datum Bridge Digital Camera M300 Pink,149
A. Datum Bridge Digital Camera M300 Silver,42
A. Datum Compact Digital Camera M200 Azure,113
A. Datum Compact Digital Camera M200 Green,154
A. Datum Compact Digital Camera M200 Grey,231
A. Datum Compact Digital Camera M200 Orange,237
A. Datum Compact Digital Camera M200 Pink,68
A. Datum Compact Digital Camera M200 Silver,125
A. Datum Consumer Digital Camera E100 Azure,130
A. Datum Consumer Digital Camera E100 Black,211
A. Datum Consumer Digital Camera E100 Green,102
A. Datum Consumer Digital Camera E100 Grey,64
A. Datum Consumer Digital Camera E100 Orange,168
A. Datum Consumer Digital Camera E100 Pink,94
A. Datum Consumer Digital Camera E100 Silver,198
A. Datum Consumer Digital Camera M300 Azure,125
A. Datum Consumer Digital Camera M300 Black,140
A. Datum Consumer Digital Camera M300 Green,121
A. Datum Consumer Digital Camera M300 Grey,22
A. Datum Consumer Digital Camera M300 Orange,148
A. Datum Consumer Digital Camera M300 Pink,137
A. Datum Consumer Digital Camera M300 Silver,18
A. Datum Full Frame Digital Camera X300 Azure,143
A. Datum Full Frame Digital Camera X300 Black,136
A. Datum Full Frame Digital Camera X300 Green,23
A. Datum Full Frame Digital Camera X300 Grey,115
A. Datum Full Frame Digital Camera X300 Orange,142
A. Datum Full Frame Digital Camera X300 Pink,189
A. Datum Full Frame Digital Camera X300 Silver,18
A. Datum Full Frame Digital Camera X300 Silver Grey,108
A. Datum Interchangeable lens Non-SLR Digital Camera X250 Azure,149
A. Datum Interchangeable lens Non-SLR Digital Camera X250 Black,177
A. Datum Interchangeable lens Non-SLR Digital Camera X250 Green,115
A. Datum Interchangeable lens Non-SLR Digital Camera X250 Grey,66
A. Datum Interchangeable lens Non-SLR Digital Camera X250 Orange,161
A. Datum Interchangeable lens Non-SLR Digital Camera X250 Pink,189
A. Datum Interchangeable lens Non-SLR Digital Camera X250 Silver,158
A. Datum Point n' Shoot Digital Camera M500 Azure,130
A. Datum Point n' Shoot Digital Camera M500 Grey,126
A. Datum Point Shoot Digital Camera M500 Black,62
A. Datum Point Shoot Digital Camera M500 Green,79
A. Datum Point Shoot Digital Camera M500 Orange,199
A. Datum Point Shoot Digital Camera M500 Pink,220
A. Datum Point Shoot Digital Camera M500 Silver,38
A. Datum Point Shoot Digital Camera M500 Silver Grey,185
A. Datum Rangefinder Digital Camera X200 Azure,48
A. Datum Rangefinder Digital Camera X200 Black,104
A. Datum Rangefinder Digital Camera X200 Green,115
A. Datum Rangefinder Digital Camera X200 Grey,99
A. Datum Rangefinder Digital Camera X200 Orange,113
A. Datum Rangefinder Digital Camera X200 Pink,168
A. Datum Rangefinder Digital Camera X200 Silver,195
A. Datum Slim Digital Camera M180 Azure,153
A. Datum Slim Digital Camera M180 Black,117
A. Datum Slim Digital Camera M180 Green,38
A. Datum Slim Digital Camera M180 Grey,66
A. Datum Slim Digital Camera M180 Orange,60
A. Datum Slim Digital Camera M180 Pink,161
A. Datum Slim Digital Camera M180 Silver,44
"A. Datum SLR Camera 35"" M358 Black",100
"A. Datum SLR Camera 35"" M358 Blue",184
"A. Datum SLR Camera 35"" M358 Gold",68
"A. Datum SLR Camera 35"" M358 Grey",135
"A. Datum SLR Camera 35"" M358 Orange",110
"A. Datum SLR Camera 35"" M358 Pink",171
"A. Datum SLR Camera 35"" M358 Silver",195
"A. Datum SLR Camera 35"" M358 Silver Grey",155
"A. Datum SLR Camera 35"" X358 Black",208
"A. Datum SLR Camera 35"" X358 Blue",134
"A. Datum SLR Camera 35"" X358 Gold",241
"A. Datum SLR Camera 35"" X358 Grey",87
"A. Datum SLR Camera 35"" X358 Orange",273
"A. Datum SLR Camera 35"" X358 Pink",65
"A. Datum SLR Camera 35"" X358 Silver",112
"A. Datum SLR Camera 35"" X358 Silver Grey",115
A. Datum SLR Camera M135 Black,128
A. Datum SLR Camera M136 Silver,78
A. Datum SLR Camera M137 Grey,191
A. Datum SLR Camera M138 Silver Grey,63
A. Datum SLR Camera M139 Gold,172
A. Datum SLR Camera M140 Pink,124
A. Datum SLR Camera M141 Blue,109
A. Datum SLR Camera M142 Orange,85
A. Datum SLR Camera X135 Black,202
A. Datum SLR Camera X136 Silver,148
A. Datum SLR Camera X137 Grey,148
A. Datum SLR Camera X138 Silver Grey,149
A. Datum SLR Camera X139 Gold,23
A. Datum SLR Camera X140 Pink,88
A. Datum SLR Camera X141 Blue,34
A. Datum SLR Camera X142 Orange,88
A. Datum SLR-like Digital Camera M400 Azure,140
A. Datum SLR-like Digital Camera M400 Black,204
A. Datum SLR-like Digital Camera M400 Green,95
A. Datum SLR-like Digital Camera M400 Grey,30
A. Datum SLR-like Digital Camera M400 Orange,173
A. Datum SLR-like Digital Camera M400 Pink,90
A. Datum SLR-like Digital Camera M400 Silver,151
A. Datum Super-zoom Digital Camera X300 Azure,174
A. Datum Super-zoom Digital Camera X300 Black,102
A. Datum Super-zoom Digital Camera X300 Green,107
A. Datum Super-zoom Digital Camera X300 Grey,195
A. Datum Super-zoom Digital Camera X300 Orange,164
A. Datum Super-zoom Digital Camera X300 Pink,149
A. Datum Super-zoom Digital Camera X300 Silver,176
A. Datum Ultra Compact Digital Camera M190 Azure,106
A. Datum Ultra Compact Digital Camera M190 Black,123
A. Datum Ultra Compact Digital Camera M190 Green,115
A. Datum Ultra Compact Digital Camera M190 Grey,24
A. Datum Ultra Compact Digital Camera M190 Orange,145
A. Datum Ultra Compact Digital Camera M190 Pink,145
A. Datum Ultra Compact Digital Camera M190 Silver,124
"Adventure Works 13"" Color TV E25 Black",114
"Adventure Works 13"" Color TV E25 Silver",171
"Adventure Works 13"" Color TV E25 White",106
"Adventure Works 15.6"" LCD TV M130W Black",39
"Adventure Works 15.6"" LCD TV M130W Brown",51
"Adventure Works 15.6"" LCD TV M130W Silver",44
"Adventure Works 15.6"" LCD TV M130W White",13
"Adventure Works 19"" Color Digital TV E35 Black",164
"Adventure Works 19"" Color Digital TV E35 Brown",111
"Adventure Works 19"" Color Digital TV E35 Silver",55
"Adventure Works 19"" Color Digital TV E35 White",74
"Adventure Works 19"" Portable LCD HDTV M110 Black",121
"Adventure Works 19"" Portable LCD HDTV M110 Silver",122
"Adventure Works 19"" Portable LCD HDTV M110 White",97
"Adventure Works 20"" Analog CRT TV E45 Black",155
"Adventure Works 20"" Analog CRT TV E45 Brown",150
"Adventure Works 20"" Analog CRT TV E45 Silver",146
"Adventure Works 20"" Analog CRT TV E45 White",194
"Adventure Works 20"" CRT TV E15 Black",197
"Adventure Works 20"" CRT TV E15 Silver",87
"Adventure Works 20"" CRT TV E15 White",216
"Adventure Works 20"" LCD HDTV M120 Black",117
"Adventure Works 20"" LCD HDTV M120 Brown",98
"Adventure Works 20"" LCD HDTV M120 Silver",128
"Adventure Works 20"" LCD HDTV M120 White",117
"Adventure Works 26"" 720p LCD HDTV M140 Black",158
"Adventure Works 26"" 720p LCD HDTV M140 Brown",117
"Adventure Works 26"" 720p LCD HDTV M140 Silver",125
"Adventure Works 26"" 720p LCD HDTV M140 White",84
"Adventure Works 32"" LCD HDTV M130 Black",31
"Adventure Works 32"" LCD HDTV M130 Brown",83
"Adventure Works 32"" LCD HDTV M130 Silver",32
"Adventure Works 32"" LCD HDTV M130 White",20
"Adventure Works 37"" 1080p LCD HDTV M150W Brown",44
"Adventure Works 37"" 1080p LCD HDTV M150W White",29
"Adventure Works 40"" LCD HDTV M690 Black",64
"Adventure Works 40"" LCD HDTV M690 Brown",117
"Adventure Works 40"" LCD HDTV M690 Silver",41
"Adventure Works 40"" LCD HDTV M690 White",37
"Adventure Works 42"" LCD HDTV M55 Black",264
"Adventure Works 52"" LCD HDTV X590 Black",16
"Adventure Works 52"" LCD HDTV X590 Brown",6
"Adventure Works 52"" LCD HDTV X590 Silver",24
"Adventure Works 52"" LCD HDTV X590 White",47
"Adventure Works 52"" LCD HDTV X790W Black",58
"Adventure Works 52"" LCD HDTV X790W Brown",39
"Adventure Works 52"" LCD HDTV X790W Silver",34
"Adventure Works 52"" LCD HDTV X790W White",64
Adventure Works CRT15 E101 Black,143
Adventure Works CRT15 E101 White,124
Adventure Works CRT17 E105 Black,197
Adventure Works CRT17 E105 White,173
Adventure Works CRT19 E10 Black,185
Adventure Works CRT19 E10 White,109
Adventure Works Desktop PC1.60 ED160 Black,276
Adventure Works Desktop PC1.60 ED160 Brown,317
Adventure Works Desktop PC1.60 ED160 Silver,250
Adventure Works Desktop PC1.60 ED160 White,275
Adventure Works Desktop PC1.80 ED180 Black,346
Adventure Works Desktop PC1.80 ED180 Brown,278
Adventure Works Desktop PC1.80 ED180 Silver,379
Adventure Works Desktop PC1.80 ED180 White,452
Adventure Works Desktop PC1.80 ED182 Black,207
Adventure Works Desktop PC1.80 ED182 Brown,215
Adventure Works Desktop PC1.80 ED182 Silver,287
Adventure Works Desktop PC1.80 ED182 White,580
Adventure Works Desktop PC2.30 MD230 Black,56
Adventure Works Desktop PC2.30 MD230 Brown,170
Adventure Works Desktop PC2.30 MD230 Silver,52
Adventure Works Desktop PC2.30 MD230 White,46
Adventure Works Desktop PC2.33 XD233 Black,32
Adventure Works Desktop PC2.33 XD233 Brown,18
Adventure Works Desktop PC2.33 XD233 Silver,39
Adventure Works Desktop PC2.33 XD233 White,24
Adventure Works Desktop PC3.0 MS300 Black,351
Adventure Works Desktop PC3.0 MS300 Silver,342
Adventure Works Laptop12 M1200 Black,30
Adventure Works Laptop12 M1201 Blue,209
Adventure Works Laptop12 M1201 Red,191
Adventure Works Laptop12 M1201 Silver,41
Adventure Works Laptop12 M1201 White,165
Adventure Works Laptop15 M1500 Black,215
Adventure Works Laptop15 M1501 Blue,106
Adventure Works Laptop15 M1501 Red,162
Adventure Works Laptop15 M1501 Silver,129
Adventure Works Laptop15 M1501 White,137
Adventure Works Laptop15.4W M1548 Black,158
Adventure Works Laptop15.4W M1548 Red,187
Adventure Works Laptop15.4W M1548 Silver,153
Adventure Works Laptop15.4W M1548 White,160
Adventure Works Laptop16 M1600 Black,44
Adventure Works Laptop16 M1601 Blue,118
Adventure Works Laptop16 M1601 Red,120
Adventure Works Laptop16 M1601 Silver,177
Adventure Works Laptop16 M1601 White,201
Adventure Works Laptop19 X1900 Black,22
Adventure Works Laptop19W X1980 Blue,165
Adventure Works Laptop19W X1980 Red,165
Adventure Works Laptop19W X1980 Silver,114
Adventure Works Laptop19W X1980 White,138
Adventure Works Laptop8.9 E0890 Black,225
Adventure Works Laptop8.9 E0890 Red,253
Adventure Works Laptop8.9 E0890 Silver,182
Adventure Works Laptop8.9 E0890 White,240
Adventure Works LCD15 E100 Black,58
Adventure Works LCD15 E100 White,192
Adventure Works LCD17 E200 Black,146
Adventure Works LCD17 E200 White,52
Adventure Works LCD17W E203 Black,69
Adventure Works LCD17W E203 White,168
Adventure Works LCD19 E108 Black,86
Adventure Works LCD19 E108 White,111
Adventure Works LCD19W M100 Black,120
Adventure Works LCD19W M100 White,119
Adventure Works LCD20 M210 Black,9
Adventure Works LCD20 M210 White,47
Adventure Works LCD20W M240 Black,59
Adventure Works LCD20W M240 White,36
Adventure Works LCD22 M200 Black,32
Adventure Works LCD22 M200 White,32
Adventure Works LCD22W M200 Black,67
Adventure Works LCD22W M200 White,83
Adventure Works LCD24W X300 Black,130
Adventure Works LCD24W X300 White,133
Cigarette Lighter Adapter for Contoso Phones E110 Black,2120
Cigarette Lighter Adapter for Contoso Phones E110 Red,2900
Cigarette Lighter Adapter for Contoso Phones E110 White,3520
Contoso 16GB Mp5 Player M1600 Blue,23
Contoso 16GB Mp5 Player M1600 Red,10
Contoso 16GB New Generation MP5 Player M1650 Pink,20
Contoso 16GB New Generation MP5 Player M1650 Silver,28
Contoso 16GB New Generation MP5 Player M1650 White,26
Contoso 1G MP3 Player E100 White,108
Contoso 2G MP3 Player E200 Black,204
Contoso 2G MP3 Player E200 Blue,133
Contoso 2G MP3 Player E200 Red,100
Contoso 2G MP3 Player E200 Silver,142
Contoso 2-Line Corded Cordless Telephone M202 Black,144
Contoso 2-Line Corded Cordless Telephone M202 Grey,154
Contoso 2-Line Corded Cordless Telephone M202 White,188
Contoso 2-Line Speakerphone M109 Black,82
Contoso 2-Line Speakerphone M109 Grey,147
Contoso 2-Line Speakerphone M109 White,201
Contoso 3 Handset Cordless Phone System  E30 Black,197
Contoso 3 Handset Cordless Phone System E30 Grey,112
Contoso 3 Handset Cordless Phone System E30 White,85
Contoso 32GB Video MP3 Player M3200 Black,32
Contoso 32GB Video MP3 Player M3200 Orange,87
Contoso 32GB Video MP3 Player M3200 Pink,46
Contoso 32GB Video MP3 Player M3200 Red,56
Contoso 32GB Video MP3 Player M3200 White,79
Contoso 4 Handset Cordless Phone System M86 Black,164
Contoso 4 Handset Cordless Phone System M86 Grey,170
Contoso 4 Handset Cordless Phone System M86 White,112
Contoso 4G MP3 Player E400 Black,64
Contoso 4G MP3 Player E400 Green,191
Contoso 4G MP3 Player E400 Orange,162
Contoso 4G MP3 Player E400 Silver,142
Contoso 4GB Flash MP3 Player E401 Black,39
Contoso 4GB Flash MP3 Player E401 Blue,129
Contoso 4GB Flash MP3 Player E401 Silver,121
Contoso 4GB Flash MP3 Player E401 White,31
Contoso 4GB Portable MP3 Player M450 Black,19
Contoso 4GB Portable MP3 Player M450 White,148
Contoso 4GB Portable MP3 Player M450 Yellow,126
Contoso 4-Line Corded Cordless Telephone M203 Grey,12
Contoso 4-Line Corded Cordless Telephone M203 White,34
Contoso 4-Line Expandable Cordless Phone System M900 Black,104
Contoso 4-Line Expandable Cordless Phone System M900 White,140
Contoso 512MB MP3 Player E51 Blue,150
Contoso 512MB MP3 Player E51 Silver,81
Contoso 8GB Clock & Radio MP3 Player X850 Black,157
Contoso 8GB Clock & Radio MP3 Player X850 Blue,205
Contoso 8GB Clock & Radio MP3 Player X850 Green,199
Contoso 8GB Clock & Radio MP3 Player X850 Silver,97
Contoso 8GB MP3 Player new model M820 Black,54
Contoso 8GB MP3 Player new model M820 Blue,32
Contoso 8GB MP3 Player new model M820 White,113
Contoso 8GB MP3 Player new model M820 Yellow,105
Contoso 8GB Super-Slim MP3/Video Player M800 Green,30
Contoso 8GB Super-Slim MP3/Video Player M800 Pink,50
Contoso 8GB Super-Slim MP3/Video Player M800 Red,94
Contoso 8GB Super-Slim MP3/Video Player M800 White,60
Contoso 90W AC/DC Power Adapter E300 Black,93
Contoso 90W AC/DC Power Adapter E300 Grey,136
Contoso 90W AC/DC Power Adapter E300 White,177
Contoso ADSL Modem Splitter/Filter X 1 E100 Black,71
Contoso ADSL Modem Splitter/Filter X 1 E100 Grey,78
Contoso ADSL Modem Splitter/Filter X 1 E100 White,39
Contoso ADSL Modem Splitter/Filter X 2 E200 Black,122
Contoso ADSL Modem Splitter/Filter X 2 E200 Grey,112
Contoso ADSL Modem Splitter/Filter X 3 E300 Black,64
Contoso ADSL Modem Splitter/Filter X 3 E300 Grey,64
Contoso ADSL Modem Splitter/Filter X 3 E300 White,24
Contoso Battery charger - bike E200 Black,183
Contoso Battery charger - bike E200 Grey,234
Contoso Battery charger - bike E200 White,197
Contoso Bedroom Phone with AM/FM Stereo and Call Waiting Caller ID M600 Black,145
Contoso Bedroom Phone with AM/FM Stereo and Call Waiting Caller ID M600 White,56
Contoso behind Centrex X15 Black,147
Contoso behind Centrex X15 Grey,96
Contoso Behind Centrex X15 White,89
Contoso Bluetooth Active Headphones L15 Black,360
Contoso Bluetooth Active Headphones L15 Red,120
Contoso Bluetooth Active Headphones L15 White,840
Contoso Bluetooth Notebook Mouse E70 Black,244
Contoso Bluetooth Notebook Mouse E70 Grey,136
Contoso Bluetooth Notebook Mouse E70 Silver,183
Contoso Bluetooth Notebook Mouse E70 White,192
Contoso Bluetooth Notebook Mouse X305 Black,31
Contoso Bluetooth Notebook Mouse X305 Silver,22
Contoso Bluetooth Notebook Mouse X305 White,27
Contoso Bright Light battery E20 Black,108
Contoso Bright Light battery E20 blue,108
Contoso Bright Light battery E20 Pink,117
Contoso Bright Light battery E20 White,105
Contoso Cables To Go USB 2.0 Hard Drive Enclosure E920 Black,249
Contoso Cables To Go USB 2.0 Hard Drive Enclosure E920 Grey,140
Contoso Cables To Go USB 2.0 Hard Drive Enclosure E920 White,114
Contoso Car power adapter M90 Black,158
Contoso Car power adapter M90 Grey,117
Contoso Car power adapter M90 White,186
Contoso Carrying Case E312 Blue,148
Contoso Carrying Case E312 Pink,155
Contoso Carrying Case E312 Silver,192
Contoso Carrying Case E312 White,126
Contoso Centrex Phone System L10 Black,113
Contoso Centrex Phone System L10 Grey,145
Contoso Centrex Phone System L10 White,145
Contoso Connectivity Starter Kit Smart Buy M680 Black,55
Contoso Connectivity Starter Kit Smart Buy M680 Grey,93
Contoso Connectivity Starter Kit Smart Buy M680 White,50
Contoso Conversion Lens M550 Blue,48
Contoso Conversion Lens M550 Silver,16
Contoso Cyber Shot Digital Cameras Adapter E306 Black,49
Contoso Cyber Shot Digital Cameras Adapter E306 Pink,23
Contoso Desktop Alternative Bundle E200 Black,150
Contoso Desktop Alternative Bundle E200 Grey,81
Contoso Desktop Alternative Bundle E200 White,142
Contoso Digital camera accessory kit M200 Black,171
Contoso Digital Camera Accessory kit M200 Blue,22
Contoso Digital camera accessory kit M200 Grey,115
Contoso Digital camera accessory kit M200 White,133
Contoso Digital Camera/Camcorder USB Cable E324 Black,105
Contoso Digital Camera/Camcorder USB Cable E324 Purple,93
Contoso Digital Camera/Camcorder USB Cable E324 Silver,101
Contoso Digital Camera/Camcorder USB Cable E324 White,68
Contoso Digital Cameras Lightweight Tripod E316 Black,86
Contoso Digital Cameras Lightweight Tripod E316 Pink,108
Contoso Digital Cameras Lightweight Tripod E316 Silver,10
Contoso Digital Cameras Lightweight Tripod E316 White,136
Contoso Digital Cordless Expansion Handset Phone M900 Black,36
Contoso Digital Cordless Expansion Handset Phone M900 Grey,9
Contoso Digital Cordless Expansion Handset Phone M900 White,10
Contoso Dual Handset Cordless Phone System  E20 Black,208
Contoso Dual Handset Cordless Phone System E20 Grey,146
Contoso Dual Handset Cordless Phone System E20 White,142
Contoso Dual USB Power Adapter - power adapter E300 Black,123
Contoso Dual USB Power Adapter - power adapter E300 Grey,197
Contoso Dual USB Power Adapter - power adapter E300 White,172
Contoso DVD 12-Inch Player Portable M400 Black,63
Contoso DVD 12-Inch Player Portable M400 Silver,72
Contoso DVD 12-Inch Player Portable M400 White,189
Contoso DVD 14-Inch Player Portable L100 Black,124
Contoso DVD 14-Inch Player Portable L100 Silver,123
Contoso DVD 14-Inch Player Portable L100 White,139
Contoso DVD 15-Inch Player Portable L200 Black,83
Contoso DVD 15-Inch Player Portable L200 Silver,225
Contoso DVD 15-Inch Player Portable L200 White,121
Contoso DVD 38 DVD Storage Binder E25 Black,156
Contoso DVD 38 DVD Storage Binder E25 Red,145
Contoso DVD 38 DVD Storage Binder E25 Silver,182
Contoso DVD 48 DVD Storage Binder M50 Black,80
Contoso DVD 48 DVD Storage Binder M50 Red,57
Contoso DVD 48 DVD Storage Binder M50 Silver,111
Contoso DVD 55DVD Storage Binder M56 Black,123
Contoso DVD 55DVD Storage Binder M56 Red,84
Contoso DVD 55DVD Storage Binder M56 Silver,166
Contoso DVD 58 DVD Storage Binder M55 Black,208
Contoso DVD 58 DVD Storage Binder M55 Red,161
Contoso DVD 58 DVD Storage Binder M55 Silver,248
Contoso DVD 60 DVD Storage Binder L20 Black,105
Contoso DVD 60 DVD Storage Binder L20 Red,122
Contoso DVD 60 DVD Storage Binder L20 Silver,200
Contoso DVD 7-Inch Player Portable E200 Black,159
Contoso DVD 7-Inch Player Portable E200 Silver,101
Contoso DVD 7-Inch Player Portable E200 White,178
Contoso DVD 9-Inch Player Portable M300 Black,164
Contoso DVD 9-Inch Player Portable M300 Silver,135
Contoso DVD 9-Inch Player Portable M300 White,105
Contoso DVD External DVD Burner M200 Black,40
Contoso DVD External DVD Burner M200 Blue,52
Contoso DVD External DVD Burner M200 Silver,34
Contoso DVD Movies E100 Yellow,138
Contoso DVD Player M100 Black,9
Contoso DVD Player M110 Silver,26
Contoso DVD Player M120 White,22
Contoso DVD Player M140 Gold,10
Contoso DVD Recorder L200 Black,99
Contoso DVD Recorder L210 Silver,67
Contoso DVD Recorder L220 White,60
Contoso DVD Recorder L230 Grey,148
Contoso DVD Recorder L240 Gold,92
Contoso Education Essentials Bundle M300 Black,117
Contoso Education Essentials Bundle M300 Grey,236
Contoso Education Essentials Bundle M300 White,106
Contoso Education Supplies Bundle E200 Black,40
Contoso Education Supplies Bundle E200 Grey,119
Contoso Education Supplies Bundle E200 White,149
Contoso Electronic Private Automatic Branch Exchange M90 Black,169
Contoso Electronic Private Automatic Branch Exchange M90 Grey,75
Contoso Electronic Private Automatic Branch Exchange M90 White,135
Contoso Enhanced Capacity Battery M800 Black,57
Contoso Enhanced Capacity Battery M800 Grey,56
Contoso Enhanced Capacity Battery M800 White,191
Contoso Expandable 2-Handset Cordless Phone System M205 Black,30
Contoso Expandable 2-Handset Cordless Phone System M205 Grey,43
Contoso Expandable 2-Handset Cordless Phone System M205 White,39
Contoso Expandable 3-Handset Cordless Phone System M204 Black,137
Contoso Expandable 3-Handset Cordless Phone System M204 Grey,124
Contoso Expandable 3-Handset Cordless Phone System M204 White,161
Contoso Expandable 4-Handset Cordless Phone System M206 Black,84
Contoso Expandable 4-Handset Cordless Phone System M206 Grey,162
Contoso Expandable 4-Handset Cordless Phone System M206 White,159
Contoso Expandable Cordless Phone System M008 Black,148
Contoso Expandable Cordless Phone System M008 Grey,131
Contoso Expandable Cordless Phone System M008 White,98
Contoso Expandable1-Handset Cordless Phone System M207 Black,69
Contoso Expandable1-Handset Cordless Phone System M207 Grey,93
Contoso Expandable1-Handset Cordless Phone System M207 White,54
Contoso Finger Touch Screen Phones M30 Black,118
Contoso General Carrying Case E304 Black,77
Contoso General Carrying Case E304 Blue,131
Contoso General Carrying Case E304 Silver,87
Contoso General Carrying Case E304 White,26
Contoso General Soft Carrying Case E318 Black,102
Contoso General Soft Carrying Case E318 Blue,62
Contoso General Soft Carrying Case E318 Silver,58
Contoso Genuine Leather Grip Belt E322 Black,116
Contoso Genuine Leather Grip Belt E322 Grey,179
Contoso Genuine Leather Grip Belt E322 Silver,53
Contoso Genuine Leather Grip Belt E322 White,102
Contoso Home Theater System 2.1 Channel E1200 Black,104
Contoso Home Theater System 2.1 Channel E1200 Brown,130
Contoso Home Theater System 2.1 Channel E1200 Silver,163
Contoso Home Theater System 2.1 Channel E1200 White,103
Contoso Home Theater System 2.1 Channel E1220 Black,159
Contoso Home Theater System 2.1 Channel E1220 Brown,115
Contoso Home Theater System 2.1 Channel E1220 Silver,89
Contoso Home Theater System 2.1 Channel E1220 White,110
Contoso Home Theater System 2.1 Channel M1210 Black,173
Contoso Home Theater System 2.1 Channel M1210 Brown,223
Contoso Home Theater System 2.1 Channel M1210 Silver,294
Contoso Home Theater System 2.1 Channel M1210 White,198
Contoso Home Theater System 2.1 Channel M1230 Silver,25
Contoso Home Theater System 2.1 Channel M1230 White,53
Contoso Home Theater System 4.1 Channel M1400 Black,94
Contoso Home Theater System 4.1 Channel M1400 Brown,171
Contoso Home Theater System 4.1 Channel M1400 Silver,169
Contoso Home Theater System 4.1 Channel M1400 White,150
Contoso Home Theater System 4.1 Channel M1410 Black,188
Contoso Home Theater System 4.1 Channel M1410 Brown,193
Contoso Home Theater System 4.1 Channel M1410 Silver,86
Contoso Home Theater System 4.1 Channel M1410 White,134
Contoso Home Theater System 4.1 Channel M1420 Black,146
Contoso Home Theater System 4.1 Channel M1420 Brown,70
Contoso Home Theater System 4.1 Channel M1420 Silver,125
Contoso Home Theater System 4.1 Channel M1420 White,230
Contoso Home Theater System 5.1 Channel M1500 Black,178
Contoso Home Theater System 5.1 Channel M1500 Brown,70
Contoso Home Theater System 5.1 Channel M1500 Silver,59
Contoso Home Theater System 5.1 Channel M1500 White,219
Contoso Home Theater System 5.1 Channel M1510 Black,124
Contoso Home Theater System 5.1 Channel M1510 Brown,53
Contoso Home Theater System 5.1 Channel M1510 Silver,69
Contoso Home Theater System 5.1 Channel M1510 White,29
Contoso Home Theater System 5.1 Channel M1520 Black,118
Contoso Home Theater System 5.1 Channel M1520 Brown,132
Contoso Home Theater System 5.1 Channel M1520 Silver,31
Contoso Home Theater System 5.1 Channel M1520 White,186
Contoso Home Theater System 5.1 Channel M1530 Black,134
Contoso Home Theater System 5.1 Channel M1530 Brown,123
Contoso Home Theater System 5.1 Channel M1530 Silver,186
Contoso Home Theater System 5.1 Channel M1530 White,170
Contoso Home Theater System 5.1 Channel M1540 Black,30
Contoso Home Theater System 5.1 Channel M1540 Brown,38
Contoso Home Theater System 5.1 Channel M1540 Silver,34
Contoso Home Theater System 5.1 Channel M1540 White,60
Contoso Home Theater System 7.1 Channel M1700 Black,73
Contoso Home Theater System 7.1 Channel M1700 Brown,119
Contoso Home Theater System 7.1 Channel M1700 Silver,223
Contoso Home Theater System 7.1 Channel M1700 White,169
Contoso Home/Office Laptop Power Adapter E300 Black,71
Contoso Home/Office Laptop Power Adapter E300 Grey,160
Contoso Home/Office Laptop Power Adapter E300 White,198
Contoso Hybrid system M60 Black,108
Contoso Hybrid system M60 Grey,223
Contoso Hybrid system M60 White,156
Contoso In front of Centrex L15 Black,117
Contoso In front of Centrex L15 Grey,78
Contoso In front of Centrex L15 White,108
Contoso In-Line Coupler E180 Black,2720
Contoso In-Line Coupler E180 Silver,6780
Contoso In-Line Coupler E180 White,4060
Contoso Integrated Business Phone L08 Black,106
Contoso Integrated Business Phone L08 White,55
Contoso Integrated Business Phone With card L10 Black,110
Contoso Integrated Business Phone With card L10 White,217
Contoso KSU-less key system M38 Black,169
Contoso KSU-less key system M38 Grey,119
Contoso KSU-less key system M38 White,204
Contoso Laptop Cooling Hub notebook fan with 4 ports USB hub E80 Black,92
Contoso Laptop Cooling Hub notebook fan with 4 ports USB hub E80 Grey,38
Contoso Laptop Cooling Hub notebook fan with 4 ports USB hub E80 White,99
Contoso Laptop Cooling Hub notebook fan with 4 ports USB hub M200 Gold,135
Contoso Laptop Keyboard X105 Black,37
Contoso Laptop Keyboard X105 Brown,35
Contoso Laptop Keyboard X105 Silver,116
Contoso Laptop Keyboard X105 White,85
Contoso Laptop Starter Bundle M200 Black,55
Contoso Laptop Starter Bundle M200 Grey,55
Contoso Laptop Starter Bundle M200 White,52
Contoso Leather Case - case for digital photo camera X20 Black,57
Contoso Leather Case - case for digital photo camera X20 Grey,38
Contoso Leather Case - case for digital photo camera X20 White,28
Contoso Lens Adapter M450 Black,210
Contoso Lens Adapter M450 Grey,117
Contoso Lens Adapter M450 Silver,61
Contoso Lens Adapter M450 White,180
Contoso Lens cap E80 Black,26
Contoso Lens cap E80 Grey,64
Contoso Lens cap E80 White,20
Contoso Lens Cap Keeper E314 Pink,172
Contoso Lens Cap Keeper E314 Silver,60
Contoso Lens Cap Keeper E314 White,111
Contoso Lens Cap Keeper E314 Yellow,151
Contoso Lifestyles Series - Big Button Cordless phone M800 Black,155
Contoso Lifestyles Series - Big Button Cordless phone M800 White,224
Contoso Macro Zoom Lens X300 Black,6
Contoso Macro Zoom Lens X300 Silver,6
Contoso Mini Battery Charger Kit E320 Black,49
Contoso Mini Battery Charger Kit E320 Red,179
Contoso Mini Battery Charger Kit E320 Silver,190
Contoso Mini Battery Charger Kit E320 White,169
Contoso Mouse Lock Bundle E200 Black,169
Contoso Mouse Lock Bundle E200 Grey,163
Contoso Mouse Lock Bundle E200 White,107
Contoso Multi-line phones M30 Black,167
Contoso Multi-line phones M30 Grey,125
Contoso Multi-line phones M30 White,197
Contoso Multimedia Speakers M25 Black,71
Contoso Multimedia Speakers M25 Blue,57
Contoso Multimedia Speakers M25 Brown,85
Contoso Multimedia Speakers M25 White,34
Contoso Multi-Use Terminal Cable E308 Black,127
Contoso Multi-Use Terminal Cable E308 Silver,183
Contoso Multi-Use Terminal Cable E308 White,158
Contoso Notebook Peripheral Kit M69 Black,151
Contoso Notebook Peripheral Kit M69 Grey,188
Contoso Notebook Peripheral Kit M69 White,127
Contoso Optical USB Mouse M45 Black,129
Contoso Optical USB Mouse M45 Grey,124
Contoso Optical USB Mouse M45 White,76
Contoso Optical Wheel OEM PS/2 Mouse E60 Black,149
Contoso Optical Wheel OEM PS/2 Mouse E60 Grey,166
Contoso Optical Wheel OEM PS/2 Mouse E60 Silver,276
Contoso Optical Wheel OEM PS/2 Mouse E60 White,80
Contoso Original K1m Li-Ion Standard Battery E170 Black,2860
Contoso Original K1m Li-Ion Standard Battery E170 Silver,2480
Contoso Original K1m Li-Ion Standard Battery E170 White,2060
Contoso Pen Touch Screen Phones M320 Black,181
Contoso Phone for MSN E200 Black,147
Contoso Phone for MSN E200 White,101
Contoso Phone System Accessory Handset with Charger M308 Black,73
Contoso Phone System Accessory Handset with Charger M308 Grey,97
Contoso Phone System Accessory Handset with Charger M308 White,81
Contoso Phone Tough Skin Case E140 Black,520
Contoso Phone Tough Skin Case E140 Pink,1160
Contoso Phone Tough Skin Case E140 Silver,400
Contoso Phone with 13-Number Memory (210) M301 Black,168
Contoso Phone with 13-Number Memory (210) M301 Grey,144
Contoso Phone with 13-Number Memory (210) M301 White,214
Contoso Phone with Memory Dialing-2 lines E90 Black,60
Contoso Phone with Memory Dialing-2 lines E90 Grey,24
Contoso Phone with Memory Dialing-2 lines E90 White,86
Contoso Phone with Memory Dialing-single line E88 Black,138
Contoso Phone with Memory Dialing-single line E88 Grey,74
Contoso Phone with Memory Dialing-single line E88 White,138
Contoso Power Inverter - DC to AC power inverter E900 Black,115
Contoso Power Inverter - DC to AC power inverter E900 Grey,219
Contoso Power Inverter - DC to AC power inverter E900 White,114
Contoso Primary Extended Capacity Battery Pack - notebook battery X100 Black,56
Contoso Primary Extended Capacity Battery Pack - notebook battery X100 Grey,57
Contoso Primary Extended Capacity Battery Pack - notebook battery X100 White,6
Contoso Private Automatic Branch Exchange M65 Black,245
Contoso Private Automatic Branch Exchange M65 Grey,152
Contoso Private Automatic Branch Exchange M65 White,167
Contoso Private Branch Exchange M88 Black,82
Contoso Private Branch Exchange M88 Grey,75
Contoso Private Branch Exchange M88 White,28
Contoso Projector 1080p X980 Black,197
Contoso Projector 1080p X980 Silver,91
Contoso Projector 1080p X980 White,177
Contoso Projector 1080p X981 Black,9
Contoso Projector 1080p X981 White,10
Contoso Projector 480p M480 Black,109
Contoso Projector 480p M480 Silver,139
Contoso Projector 480p M480 White,208
Contoso Projector 480p M481 Black,120
Contoso Projector 480p M481 Silver,150
Contoso Projector 480p M481 White,99
Contoso Projector 720p M620 Black,80
Contoso Projector 720p M620 Silver,148
Contoso Projector 720p M620 White,225
Contoso Projector 720p M621 Black,89
Contoso Projector 720p M621 Silver,142
Contoso Projector 720p M621 White,115
Contoso Rechargeable Battery E100 Black,134
Contoso Rechargeable Battery E100 Grey,87
Contoso Rechargeable Battery E100 White,150
Contoso Rechargeable Battery Pack E310 Black,18
Contoso Rechargeable Battery Pack E310 Silver,42
Contoso Rechargeable Battery Pack E310 White,44
Contoso Rechargeable Li-Ion Battery Pack E300 Black,117
Contoso Rechargeable Li-Ion Battery Pack E300 Silver,129
Contoso Rechargeable Li-Ion Battery Pack E300 White,111
Contoso Reserve Pen - Tablet Pen E200 Black,24
Contoso Reserve Pen - Tablet Pen E200 Gold,110
Contoso Reserve Pen - Tablet Pen E200 Grey,72
Contoso Reserve Pen - Tablet Pen E200 White,50
Contoso Reserve Pen -Tablet Pen E200 Blue,133
Contoso Rubberized Skin BlackBerry E100 Black,2560
Contoso Rubberized Skin BlackBerry E100 Silver,3560
Contoso Rubberized Skin BlackBerry E100 White,1120
Contoso Rubberized Snap-On Cover Hard Case Cell Phone Protector E160 Pink,3280
Contoso Rubberized Snap-On Cover Hard Case Cell Phone Protector E160 Silver,4580
Contoso Rubberized Snap-On Cover Hard Case Cell Phone Protector E160 White,2700
Contoso Screen 100in E010 Black,110
Contoso Screen 100in E010 Silver,98
Contoso Screen 100in E010 White,288
Contoso Screen 106in M060 Black,22
Contoso Screen 106in M060 Silver,105
Contoso Screen 106in M060 White,42
Contoso Screen 113in M251 Black,43
Contoso Screen 113in M251 Silver,50
Contoso Screen 113in M251 White,68
Contoso Screen 125in M250 Black,32
Contoso Screen 125in M250 Silver,30
Contoso Screen 125in M250 White,41
Contoso Screen 80in E080 Black,27
Contoso Screen 80in E080 Silver,170
Contoso Screen 80in E080 White,81
Contoso Screen 85in E085 Black,69
Contoso Screen 85in E085 Silver,150
Contoso Screen 85in E085 White,205
Contoso Sharp Touch Screen Phones M910 Black,96
Contoso Single-line phones E10 Black,136
Contoso Single-line phones E10 Grey,136
Contoso Single-line phones E10 White,146
"Contoso SLR Camera 35"" M358 Black",92
"Contoso SLR Camera 35"" M358 Blue",116
"Contoso SLR Camera 35"" M358 Gold",32
"Contoso SLR Camera 35"" M358 Grey",195
"Contoso SLR Camera 35"" M358 Orange",165
"Contoso SLR Camera 35"" M358 Pink",173
"Contoso SLR Camera 35"" M358 Silver",185
"Contoso SLR Camera 35"" M358 Silver Grey",69
"Contoso SLR Camera 35"" X358 Black",171
"Contoso SLR Camera 35"" X358 Blue",20
"Contoso SLR Camera 35"" X358 Gold",36
"Contoso SLR Camera 35"" X358 Grey",125
"Contoso SLR Camera 35"" X358 Orange",158
"Contoso SLR Camera 35"" X358 Pink",44
"Contoso SLR Camera 35"" X358 Silver",134
"Contoso SLR Camera 35"" X358 Silver Grey",166
Contoso SLR Camera M142 Black,88
Contoso SLR Camera M143 Grey,149
Contoso SLR Camera M143 Silver,104
Contoso SLR Camera M144 Gold,144
Contoso SLR Camera M144 Silver Grey,139
Contoso SLR Camera M145 Blue,157
Contoso SLR Camera M145 Pink,33
Contoso SLR Camera M146 Orange,121
Contoso SLR Camera X142 Black,191
Contoso SLR Camera X143 Grey,131
Contoso SLR Camera X143 Silver,104
Contoso SLR Camera X144 Gold,106
Contoso SLR Camera X144 Silver Grey,101
Contoso SLR Camera X145 Blue,222
Contoso SLR Camera X145 Pink,131
Contoso SLR Camera X146 Orange,192
Contoso Smart Battery M901 Black,59
Contoso Smart Battery M901 Blue,49
Contoso Smart Battery M901 Grey,119
Contoso Smart Battery M901 White,215
Contoso Telephoto Conversion Lens M350 Black,74
Contoso Telephoto Conversion Lens M350 Blue,123
Contoso Telephoto Conversion Lens M350 Silver,118
Contoso Telephoto Conversion Lens M350 White,113
Contoso Telephoto Conversion Lens X400 Black,6
Contoso Telephoto Conversion Lens X400 White,40
Contoso Touch Screen Phones  - LCD M12 Black,69
Contoso Touch Screen Phones - CRT M11 Black,39
Contoso Touch Screen Phones 4-Wire/ Built-in M205 Black,33
Contoso Touch Screen Phones 5-Wire/Built-in M500 Black,50
Contoso Touch Screen Phones 5-Wire/On-wall M508 Black,106
Contoso Touch Screen Phones Capacitive M908 Black,135
Contoso Touch Screen Phones Infrared M901 Black,89
Contoso Touch Screen Phones SAW/On-wall M806 Black,242
Contoso Touch Stylus Pen E150 Black,3060
Contoso Touch Stylus Pen E150 Red,2600
Contoso Touch Stylus Pen E150 Silver,500
Contoso Touch Stylus Pen E150 White,1940
Contoso Travel Charger for S-Series Battery E302 Black,124
Contoso Travel Charger for S-Series Battery E302 Silver,79
Contoso Travel Charger for S-Series Battery E302 White,157
Contoso Ultraportable Neoprene Sleeve E30 Black,95
Contoso Ultraportable Neoprene Sleeve E30 Green,22
Contoso Ultraportable Neoprene Sleeve E30 Pink,88
Contoso Ultraportable Neoprene Sleeve E30 Yellow,90
Contoso USB 2.0 Dock Station docking station M800 Black,62
Contoso USB 2.0 Dock Station docking station M800 Grey,118
Contoso USB 2.0 Dock Station docking station M800 White,155
Contoso USB Cable M250 Black,109
Contoso USB Cable M250 Blue,157
Contoso USB Cable M250 White,107
Contoso USB Cable M250 Yellow,161
Contoso USB Data Link - direct connect adapter E600 Grey,157
Contoso USB Data Link - direct connect adapter E600 White,103
Contoso USB Data Link-direct connect adapter E600 Black,170
Contoso USB Optical Mouse E200 Black,95
Contoso USB Optical Mouse E200 Blue,104
Contoso USB Optical Mouse E200 Gold,44
Contoso USB Optical Mouse E200 Grey,68
Contoso USB Optical Mouse E200 White,225
Contoso USB Wave Multi-media Keyboard E280 Black,132
Contoso USB Wave Multi-media Keyboard E280 Blue,44
Contoso USB Wave Multi-Media Keyboard E280 Grey,176
Contoso USB Wave Multi-media Keyboard E280 White,119
Contoso USB Wave Multi-Media Keyboard M901 Gold,10
Contoso Waterproof Accessory Handset and Charging Cradle M609 Black,196
Contoso Waterproof Accessory Handset and Charging Cradle M609 White,122
Contoso Wireless Laser Mouse E50 Black,79
Contoso Wireless Laser Mouse E50 Grey,143
Contoso Wireless Laser Mouse E50 Silver,109
Contoso Wireless Laser Mouse E50 White,76
Contoso Wireless Laser Mouse M55 Black,52
Contoso Wireless Laser Mouse M55 Grey,28
Contoso Wireless Laser Mouse M55 Silver,129
Contoso Wireless Laser Mouse M55 White,54
Contoso Wireless Notebook Optical Mouse M35 Black,68
Contoso Wireless Notebook Optical Mouse M35 Blue,36
Contoso Wireless Notebook Optical Mouse M35 Orange,13
Contoso Wireless Notebook Optical Mouse M35 Silver,32
Contoso Wireless Notebook Optical Mouse M35 White,10
Contoso Wireless Notebook Optical Mouse X205 Orange,6
Contoso Wireless Notebook Optical Mouse X205 Silver,14
Fabrikam Budget Movie-Maker 1'' 25mm E400 Black,120
Fabrikam Budget Moviemaker 1'' 25mm E400 Black,57
Fabrikam Budget Moviemaker 1'' 25mm E400 Grey,85
Fabrikam Budget Moviemaker 1'' 25mm E400 White,93
Fabrikam Budget Movie-Maker 1/2'' 3mm E300 Black,214
Fabrikam Budget Moviemaker 1/2'' 3mm E300 Black,199
Fabrikam Budget Moviemaker 1/2'' 3mm E300 Grey,171
Fabrikam Budget Moviemaker 1/2'' 3mm E300 White,174
Fabrikam Budget Movie-Maker 1/3'' 8.5mm E200 Black,152
Fabrikam Budget Moviemaker 1/3'' 8.5mm E200 Black,90
Fabrikam Budget Moviemaker 1/3'' 8.5mm E200 Grey,189
Fabrikam Budget Moviemaker 1/3'' 8.5mm E200 White,184
Fabrikam Budget Movie-Maker 2/3'' 17mm E100 Black,101
Fabrikam Budget Moviemaker 2/3'' 17mm E100 Black,112
Fabrikam Budget Moviemaker 2/3'' 17mm E100 Grey,130
Fabrikam Budget Moviemaker 2/3'' 17mm E100 White,116
Fabrikam Business Videographer 1'' 25mm M600 Black,62
Fabrikam Business Videographer 1'' 25mm M600 Grey,141
Fabrikam Business Videographer 1'' 25mm M600 White,169
"Fabrikam Business Videographer 1"" 25mm M600 Blue",47
Fabrikam Business Videographer 1/2'' 3mm M500 Black,85
Fabrikam Business Videographer 1/2'' 3mm M500 Grey,103
Fabrikam Business Videographer 1/2'' 3mm M500 White,22
"Fabrikam Business Videographer 1/2"" 3mm M500 Blue",12
"Fabrikam Business Videographer 1/2"" 3mm M500 Orange",131
Fabrikam Business Videographer 1/3'' 8.5mm M380 Black,90
Fabrikam Business Videographer 1/3'' 8.5mm M380 Grey,76
Fabrikam Business Videographer 1/3'' 8.5mm M380 White,86
"Fabrikam Business Videographer 1/3"" 8.5mm M380 Blue",78
"Fabrikam Business Videographer 1/3"" 8.5mm M380 Orange",107
Fabrikam Business Videographer 2/3'' 17mm M280 Black,251
Fabrikam Business Videographer 2/3'' 17mm M280 Grey,120
Fabrikam Business Videographer 2/3'' 17mm M280 White,145
"Fabrikam Business Videographer 2/3"" 17mm M280 Blue",109
"Fabrikam Business Videographer 2/3"" 17mm M280 Orange",93
Fabrikam Home and Vacation Moviemaker 1'' 25mm M400 Black,167
Fabrikam Home and Vacation Moviemaker 1'' 25mm M400 Grey,78
Fabrikam Home and Vacation Moviemaker 1'' 25mm M400 White,122
"Fabrikam Home and Vacation Moviemaker 1"" 25mm M400 Blue",211
Fabrikam Home and Vacation Moviemaker 1/2'' 3mm M300 Black,114
Fabrikam Home and Vacation Moviemaker 1/2'' 3mm M300 Grey,89
Fabrikam Home and Vacation Moviemaker 1/2'' 3mm M300 White,128
"Fabrikam Home and Vacation Moviemaker 1/2"" 3mm M300 Orange",109
Fabrikam Home and Vacation Moviemaker 1/3'' 8.5mm M200 Black,92
Fabrikam Home and Vacation Moviemaker 1/3'' 8.5mm M200 Grey,125
Fabrikam Home and Vacation Moviemaker 1/3'' 8.5mm M200 White,180
"Fabrikam Home and vacation moviemaker 1/3"" 8.5mm M200 Blue",124
Fabrikam Home and vacation moviemaker 2/3'' 17mm M103 Black,127
Fabrikam Home and Vacation Moviemaker 2/3'' 17mm M103 Grey,153
Fabrikam Home and Vacation Moviemaker 2/3'' 17mm M103 White,47
"Fabrikam Home and Vacation Moviemaker 2/3"" 17mm M103 Blue",88
Fabrikam Independent Filmmaker 1'' 25mm X400 Black,17
Fabrikam Independent Filmmaker 1'' 25mm X400 Grey,119
Fabrikam Independent filmmaker 1'' 25mm X400 White,60
"Fabrikam Independent Filmmaker 1"" 25mm X400 Blue",173
Fabrikam Independent Filmmaker 1/2'' 3mm X300 Black,115
Fabrikam Independent Filmmaker 1/2'' 3mm X300 Grey,82
Fabrikam Independent filmmaker 1/2'' 3mm X300 White,62
"Fabrikam Independent Filmmaker 1/2"" 3mm X300 Orange",45
Fabrikam Independent Filmmaker 1/3'' 8.5mm X200 Black,107
Fabrikam Independent Filmmaker 1/3'' 8.5mm X200 Grey,124
Fabrikam Independent filmmaker 1/3'' 8.5mm X200 White,25
"Fabrikam Independent Filmmaker 1/3"" 8.5mm X200 Blue",85
Fabrikam Independent Filmmaker 2/3'' 17mm X100 Black,90
Fabrikam Independent Filmmaker 2/3'' 17mm X100 Grey,75
Fabrikam Independent filmmaker 2/3'' 17mm X100 White,74
"Fabrikam Independent Filmmaker 2/3"" 17mm X100 Blue",53
Fabrikam Laptop10.1 M0100 White,123
Fabrikam Laptop10.1 M0101 Silver,59
Fabrikam Laptop12 M2000 White,100
Fabrikam Laptop12 M2001 Silver,75
Fabrikam Laptop12 M2002 Red,56
Fabrikam Laptop12W M2080 Silver,87
Fabrikam Laptop13.3 M3000 Red,134
Fabrikam Laptop13.3W M3080 Red,147
Fabrikam Laptop14.1 E4101 Red,130
Fabrikam Laptop14.1 M4100 White,170
Fabrikam Laptop14.1W M4180 Red,155
Fabrikam Laptop15 M5000 White,83
Fabrikam Laptop15.4 M5400 White,142
Fabrikam Laptop15.4W M5480 White,164
Fabrikam Laptop16 M6000 Black,147
Fabrikam Laptop16W M6080 Black,170
Fabrikam Laptop17 M7000 Black,123
Fabrikam Laptop17W M7080 Black,71
Fabrikam Laptop19 M9000 Black,177
Fabrikam Laptop19W M9800 Black,83
Fabrikam Laptop8.9 E0800 Silver,16
Fabrikam Laptop8.9 E8002 Red,245
Fabrikam Laptop8.9 M0801 Silver,20
Fabrikam Laptop8.9W E0880 Silver,39
"Fabrikam SLR Camera 35"" M358 Black",45
"Fabrikam SLR Camera 35"" M358 Blue",123
"Fabrikam SLR Camera 35"" M358 Gold",182
"Fabrikam SLR Camera 35"" M358 Green",189
"Fabrikam SLR Camera 35"" M358 Grey",98
"Fabrikam SLR Camera 35"" M358 Orange",211
"Fabrikam SLR Camera 35"" M358 Pink",44
"Fabrikam SLR Camera 35"" M358 Silver",75
"Fabrikam SLR Camera 35"" M358 Silver Grey",125
"Fabrikam SLR Camera 35"" X358 Black",243
"Fabrikam SLR Camera 35"" X358 Blue",144
"Fabrikam SLR Camera 35"" X358 Gold",170
"Fabrikam SLR Camera 35"" X358 Green",141
"Fabrikam SLR Camera 35"" X358 Grey",144
"Fabrikam SLR Camera 35"" X358 Orange",258
"Fabrikam SLR Camera 35"" X358 Pink",183
"Fabrikam SLR Camera 35"" X358 Silver",147
"Fabrikam SLR Camera 35"" X358 Silver Grey",180
Fabrikam SLR Camera M146 Black,64
Fabrikam SLR Camera M147 Grey,136
Fabrikam SLR Camera M147 Silver,153
Fabrikam SLR Camera M148 Gold,33
Fabrikam SLR Camera M148 Silver Grey,155
Fabrikam SLR Camera M149 Blue,172
Fabrikam SLR Camera M149 Pink,94
Fabrikam SLR Camera M150 Green,99
Fabrikam SLR Camera M150 Orange,89
Fabrikam SLR Camera X146 Black,162
Fabrikam SLR Camera X147 Grey,171
Fabrikam SLR Camera X147 Silver,132
Fabrikam SLR Camera X148 Gold,28
Fabrikam SLR Camera X148 Silver Grey,161
Fabrikam SLR Camera X149 Blue,109
Fabrikam SLR Camera X149 Pink,40
Fabrikam SLR Camera X150 Green,143
Fabrikam SLR Camera X150 Orange,149
Fabrikam Social videographer 1'' 25mm E400 Black,200
Fabrikam Social Videographer 1'' 25mm E400 Grey,106
Fabrikam Social Videographer 1'' 25mm E400 White,109
"Fabrikam Social Videographer 1"" 25mm E400 Blue",113
"Fabrikam Social Videographer 1"" 25mm E400 Orange",61
Fabrikam Social Videographer 1/2'' 3mm E300 Black,96
Fabrikam Social Videographer 1/2'' 3mm E300 Grey,208
Fabrikam Social Videographer 1/2'' 3mm E300 White,161
"Fabrikam Social Videographer 1/2"" 3mm E300 Blue",283
"Fabrikam Social Videographer 1/2"" 3mm E300 Orange",134
Fabrikam Social Videographer 1/3'' 8.5mm E200 Black,123
Fabrikam Social Videographer 1/3'' 8.5mm E200 Grey,101
Fabrikam Social Videographer 1/3'' 8.5mm E200 White,92
"Fabrikam Social Videographer 1/3"" 8.5mm E200 Blue",86
"Fabrikam Social Videographer 1/3"" 8.5mm E200 Orange",49
Fabrikam Social Videographer 2/3'' 17mm E100 Black,76
Fabrikam Social Videographer 2/3'' 17mm E100 Grey,73
Fabrikam Social Videographer 2/3'' 17mm E100 White,87
"Fabrikam Social Videographer 2/3"" 17mm E100 Blue",115
"Fabrikam Social Videographer 2/3"" 17mm E100 Orange",84
Fabrikam Trendsetter 1'' 25mm X400 Black,149
Fabrikam Trendsetter 1'' 25mm X400 Grey,63
Fabrikam Trendsetter 1'' 25mm X400 White,141
"Fabrikam Trendsetter 1"" 25mm X400 Blue",77
Fabrikam Trendsetter 1/2'' 3mm X300 Black,177
Fabrikam Trendsetter 1/2'' 3mm X300 Grey,178
Fabrikam Trendsetter 1/2'' 3mm X300 White,204
"Fabrikam Trendsetter 1/2"" 3mm X300 Orange",93
Fabrikam Trendsetter 1/3'' 8.5mm X200 Black,113
Fabrikam Trendsetter 1/3'' 8.5mm X200 Grey,81
Fabrikam Trendsetter 1/3'' 8.5mm X200 White,89
"Fabrikam Trendsetter 1/3"" 8.5mm X200 Blue",187
Fabrikam Trendsetter 2/3'' 17mm X100 Black,226
Fabrikam Trendsetter 2/3'' 17mm X100 Grey,138
Fabrikam Trendsetter 2/3'' 17mm X100 White,226
"Fabrikam Trendsetter 2/3"" 17mm X100 Orange",218
Headphone Adapter for Contoso Phone E130 Black,1680
Headphone Adapter for Contoso Phone E130 Silver,4680
Headphone Adapter for Contoso Phone E130 White,740
Litware Home Theater System 2.1 Channel E210 Black,110
Litware Home Theater System 2.1 Channel E210 Brown,134
Litware Home Theater System 2.1 Channel E210 Silver,90
Litware Home Theater System 2.1 Channel E211 Black,162
Litware Home Theater System 2.1 Channel E211 Brown,213
Litware Home Theater System 2.1 Channel E211 Silver,96
Litware Home Theater System 2.1 Channel E212 Black,104
Litware Home Theater System 2.1 Channel E212 Brown,120
Litware Home Theater System 2.1 Channel E212 Silver,98
Litware Home Theater System 4.1 Channel M410 Black,42
Litware Home Theater System 4.1 Channel M410 Brown,82
Litware Home Theater System 4.1 Channel M410 Silver,40
Litware Home Theater System 4.1 Channel M411 Black,8
Litware Home Theater System 4.1 Channel M412 Black,80
Litware Home Theater System 4.1 Channel M412 Brown,22
Litware Home Theater System 4.1 Channel M412 Silver,51
Litware Home Theater System 4.1 Channel M413 Black,58
Litware Home Theater System 4.1 Channel M413 Brown,30
Litware Home Theater System 4.1 Channel M413 Silver,71
Litware Home Theater System 5.1 Channel M510 Black,62
Litware Home Theater System 5.1 Channel M510 Brown,66
Litware Home Theater System 5.1 Channel M510 Silver,48
Litware Home Theater System 5.1 Channel M511 Black,86
Litware Home Theater System 5.1 Channel M511 Brown,86
Litware Home Theater System 5.1 Channel M511 Silver,92
Litware Home Theater System 5.1 Channel M512 Black,74
Litware Home Theater System 5.1 Channel M512 Brown,50
Litware Home Theater System 5.1 Channel M512 Silver,55
Litware Home Theater System 5.1 Channel M513 Black,148
Litware Home Theater System 5.1 Channel M513 Brown,142
Litware Home Theater System 5.1 Channel M513 Silver,137
Litware Home Theater System 5.1 Channel M514 Black,79
Litware Home Theater System 5.1 Channel M514 Brown,102
Litware Home Theater System 5.1 Channel M514 Silver,96
Litware Home Theater System 5.1 Channel M515 Black,244
Litware Home Theater System 5.1 Channel M515 Brown,274
Litware Home Theater System 5.1 Channel M515 Silver,106
Litware Home Theater System 5.1 Channel M516 Black,78
Litware Home Theater System 5.1 Channel M516 Brown,30
Litware Home Theater System 5.1 Channel M516 Silver,93
Litware Home Theater System 7.1 Channel M710 Black,101
Litware Home Theater System 7.1 Channel M710 Brown,74
Litware Home Theater System 7.1 Channel M710 Silver,58
Litware Home Theater System 7.1 Channel X711 Brown,18
Litware Home Theater System 7.1 Channel X711 Silver,10
NT Bluetooth Active Headphones E202 Black,43
NT Bluetooth Active Headphones E202 Red,198
NT Bluetooth Active Headphones E202 Silver,60
NT Bluetooth Active Headphones E202 White,199
NT Bluetooth Stereo Headphones E52 Black,120
NT Bluetooth Stereo Headphones E52 Blue,120
NT Bluetooth Stereo Headphones E52 Pink,200
NT Bluetooth Stereo Headphones E52 Yellow,111
NT Wireless Bluetooth Stereo Headphones E102 Black,54
NT Wireless Bluetooth Stereo Headphones E102 Blue,102
NT Wireless Bluetooth Stereo Headphones E102 Silver,157
NT Wireless Bluetooth Stereo Headphones E102 White,124
NT Wireless Bluetooth Stereo Headphones E302 Black,141
NT Wireless Bluetooth Stereo Headphones E302 Pink,150
NT Wireless Bluetooth Stereo Headphones E302 Silver,102
NT Wireless Bluetooth Stereo Headphones E302 White,184
NT Wireless Bluetooth Stereo Headphones E302 Yellow,129
NT Wireless Bluetooth Stereo Headphones M402 Black,35
NT Wireless Bluetooth Stereo Headphones M402 Green,36
NT Wireless Bluetooth Stereo Headphones M402 Purple,122
NT Wireless Bluetooth Stereo Headphones M402 Red,79
NT Wireless Bluetooth Stereo Headphones M402 Silver,21
NT Wireless Transmitter and Bluetooth Headphones M150 Black,68
NT Wireless Transmitter and Bluetooth Headphones M150 Blue,29
NT Wireless Transmitter and Bluetooth Headphones M150 Green,29
NT Wireless Transmitter and Bluetooth Headphones M150 Silver,51
Proseware 23ppm Laser Printer with Wireless and Wired Network Interfaces M680 Black,209
Proseware 23ppm Laser Printer with Wireless and Wired Network Interfaces M680 Grey,127
Proseware 23ppm Laser Printer with Wireless and Wired Network Interfaces M680 White,117
Proseware All-In-One Photo Printer M200 Black,99
Proseware All-In-One Photo Printer M200 Green,127
Proseware All-In-One Photo Printer M200 Grey,107
Proseware All-In-One Photo Printer M200 White,98
Proseware Color Ink Jet Fax with 5.8 GHz Cordless Handset X250 Grey,123
Proseware Color Ink Jet Fax with 5.8 GHz Cordless Handset X250 White,164
"Proseware Color Ink Jet Fax, Copier, Phone M250 Black",97
"Proseware Color Ink Jet Fax, Copier, Phone M250 Green",165
"Proseware Color Ink Jet Fax, Copier, Phone M250 Grey",114
"Proseware Color Ink jet Fax, Copier, Phone M250 White",137
Proseware Color Inkjet Fax with 5.8 GHz Cordless Handset X250 Black,212
Proseware CRT15 E10 Black,105
Proseware CRT15 E10 White,225
Proseware CRT17 E104 Black,181
Proseware CRT17 E104 White,53
Proseware CRT19 E201 Black,97
Proseware CRT19 E201 White,187
"Proseware Desk Jet All-in-One Printer, Scanner, Copier M350 Black",21
"Proseware Desk Jet All-in-One Printer, Scanner, Copier M350 Green",125
"Proseware Desk Jet All-in-One Printer, Scanner, Copier M350 Grey",13
"Proseware Desk Jet All-in-One Printer, Scanner, Copier M350 White",45
Proseware Duplex Scanner M200 Black,21
Proseware Duplex Scanner M200 Green,10
Proseware Duplex Scanner M200 Grey,96
Proseware Duplex Scanner M200 White,22
Proseware Fax Machine E100 Black,93
Proseware Fax Machine E100 Grey,113
Proseware Fax Machine E100 White,171
Proseware Fax phone E100 Grey,18
Proseware Fax Phone E100 White,154
Proseware High Speed Laser Fax M2000 Grey,56
Proseware High Speed Laser M2000 Black,227
Proseware High Speed Laser M2000 Green,13
Proseware High Speed Laser M2000 White,166
Proseware High-Performance Business-Class Laser Fax X200 Black,134
Proseware High-Performance Business-Class Laser Fax X200 Green,10
Proseware High-Performance Business-Class Laser Fax X200 Grey,168
Proseware High-Performance Business-Class Laser Fax X200 White,200
Proseware Ink Jet All in one M300 Black,129
Proseware Ink Jet All in one M300 Grey,239
Proseware Ink Jet All in one M300 White,109
Proseware Ink Jet Fax Machine E100 Black,156
Proseware Ink Jet Fax Machine E100 Grey,159
Proseware Ink Jet Fax Machine E100 White,307
Proseware Ink Jet Instant PDF Sheet-Fed Scanner M300 Black,166
Proseware Ink Jet Instant PDF Sheet-Fed Scanner M300 Green,9
Proseware Ink Jet Instant PDF Sheet-Fed Scanner M300 Grey,121
Proseware Ink Jet Instant PDF Sheet-Fed Scanner M300 White,148
Proseware Ink Jet Wireless All-In-One Printer M400 Black,129
Proseware Ink Jet Wireless All-In-One Printer M400 Green,184
Proseware Ink Jet Wireless All-In-One Printer M400 Grey,96
Proseware Ink Jet Wireless All-In-One Printer M400 White,114
Proseware Laptop12 M210 Black,98
Proseware Laptop12 M210 White,113
Proseware Laptop15 M510 Black,160
Proseware Laptop15 M510 White,10
Proseware Laptop15.4W M518 Black,42
Proseware Laptop15.4W M518 White,97
Proseware Laptop16 M610 Black,113
Proseware Laptop16 M610 White,256
Proseware Laptop19 X910 Black,10
Proseware Laptop19W X910 White,30
Proseware Laptop8.9 E089 Black,202
Proseware Laptop8.9 E089 White,190
Proseware Laser Fax Printer E100 Black,80
Proseware Laser Fax Printer E100 Grey,46
Proseware Laser Fax Printer E100 White,67
Proseware Laser Fax Printer M250 Black,13
Proseware Laser Fax Printer M250 Green,137
Proseware Laser Fax Printer M250 Grey,22
Proseware Laser Fax Printer M250 White,20
Proseware Laser Jet All in one X300 Black,70
Proseware Laser Jet All in one X300 Grey,137
Proseware Laser Jet All in one X300 White,110
Proseware Laser Jet Color Printer X300 Black,120
Proseware Laser Jet Color Printer X300 Grey,32
Proseware Laser Jet Color Printer X300 White,43
Proseware Laser Jet Printer E100 Black,136
Proseware Laser Jet Printer E100 Grey,97
Proseware Laser Jet Printer E100 White,100
Proseware LCD15 E103 Black,123
Proseware LCD15 E103 White,119
Proseware LCD17 E200 Black,133
Proseware LCD17 E200 White,154
Proseware LCD17W E202 Black,105
Proseware LCD17W E202 White,177
Proseware LCD19 E1000 Black,178
Proseware LCD19 E1000 White,58
Proseware LCD19W M100 Black,157
Proseware LCD19W M100 White,73
Proseware LCD20 M200 Black,97
Proseware LCD20 M200 White,73
Proseware LCD20W M230 Black,22
Proseware LCD20W M230 White,82
Proseware LCD22 M2000 Black,82
Proseware LCD22 M2000 White,56
Proseware LCD22W M2001 Black,67
Proseware LCD22W M2001 White,48
Proseware LCD24 X300 Black,27
Proseware LCD24 X300 White,6
Proseware LCD24W X300 Black,8
Proseware LCD24W X300 White,43
Proseware Mobile Receipt and Document Scanner M200 Black,211
Proseware Mobile Receipt and Document Scanner M200 Grey,204
Proseware Mobile Receipt and Document Scanner M200 White,158
Proseware Office Jet All-in-One Printer M500 Black,137
Proseware Office Jet All-in-One Printer M500 Grey,203
Proseware Office Jet All-in-One Printer M500 White,197
Proseware Office Jet Wireless All-in-One Inkjet Printer M600 Black,127
Proseware Office Jet Wireless All-in-One Inkjet Printer M600 Grey,130
Proseware Office Jet Wireless All-in-One Inkjet Printer M600 White,125
Proseware Photo Ink Jet Printer E290 Grey,119
Proseware Photo Ink jet Printer E290 White,202
Proseware Photo Ink Jet Printer M100 Black,175
Proseware Photo Ink Jet Printer M100 White,93
Proseware Photo Inkjet Printer E290 Black,127
Proseware Photo Inkjet Printer E290 Green,85
Proseware Photo Inkjet Printer M100 Grey,148
Proseware Photo Smart All-in-One Printer M380 Grey,71
Proseware Photo Smart All-in-One Printer M380 White,68
Proseware Professional Quality Plain-Paper Fax and Copier X100 Black,68
Proseware Professional Quality Plain-Paper Fax and Copier X100 Green,38
Proseware Professional Quality Plain-Paper Fax and Copier X100 Grey,186
Proseware Professional Quality Plain-Paper Fax and Copier X100 White,164
Proseware Projector 1080p DLP86 Black,131
Proseware Projector 1080p DLP86 Silver,147
Proseware Projector 1080p DLP86 White,92
Proseware Projector 1080p LCD86 Black,160
Proseware Projector 1080p LCD86 Silver,80
Proseware Projector 1080p LCD86 White,186
Proseware Projector 480p DLP12 Black,104
Proseware Projector 480p DLP12 Silver,117
Proseware Projector 480p DLP12 White,145
Proseware Projector 480p LCD12 Black,116
Proseware Projector 480p LCD12 Silver,211
Proseware Projector 480p LCD12 White,137
Proseware Projector 720p DLP56 Black,102
Proseware Projector 720p DLP56 Silver,167
Proseware Projector 720p DLP56 White,97
Proseware Projector 720p LCD56 Black,79
Proseware Projector 720p LCD56 Silver,164
Proseware Projector 720p LCD56 White,63
Proseware Scan Jet Digital Flat Bed Scanner M300 Black,105
Proseware Scan Jet Digital Flat Bed Scanner M300 Green,85
Proseware Scan Jet Digital Flat Bed Scanner M300 Grey,132
Proseware Scan Jet Digital Flat Bed Scanner M300 White,105
Proseware Screen 100in M1609 Black,109
Proseware Screen 100in M1609 Silver,150
Proseware Screen 100in M1609 White,137
Proseware Screen 106in M1609 Black,19
Proseware Screen 106in M1609 Silver,42
Proseware Screen 106in M1609 White,64
Proseware Screen 113in X1609 Black,56
Proseware Screen 113in X1609 Silver,84
Proseware Screen 113in X1609 White,55
Proseware Screen 125in X1609 Black,12
Proseware Screen 125in X1609 Silver,12
Proseware Screen 80in E1010 Black,115
Proseware Screen 80in E1010 Silver,140
Proseware Screen 80in E1010 White,130
Proseware Screen 85in E1010 Black,99
Proseware Screen 85in E1010 Silver,152
Proseware Screen 85in E1010 White,159
Proseware Slim-Design Fax Machine with Answering System X180 Black,79
Proseware Slim-Design Fax Machine with Answering System X180 Green,126
Proseware Slim-Design Fax Machine with Answering System X180 Grey,120
Proseware Slim-Design Fax Machine with Answering System X180 White,95
Proseware Wireless Photo All-in-One Printer M390 Black,116
Proseware Wireless Photo All-in-One Printer M390 Grey,221
Proseware Wireless Photo All-in-One Printer M390 White,152
Reusable Phone Screen Protector E120,2160
SV 160GB USB2.0 Portable Hard Disk M65 Grey,22
SV 160GB USB2.0 Portable Hard Disk M65 Silver,29
SV 160GB USB2.0 Portable Hard Disk M65 White,30
SV 16xDVD E340 Black,114
SV 16xDVD E340 Silver,137
SV 16xDVD M300 Black,13
SV 16xDVD M310 Black,34
SV 16xDVD M310 Silver,44
SV 16xDVD M320 Black,174
SV 16xDVD M320 Silver,82
SV 16xDVD M330 Black,133
SV 16xDVD M330 Silver,145
SV 16xDVD M350 Silver,30
SV 16xDVD M360 Black,128
SV 16xDVD M360 Silver,169
SV 22xDVD M600 Black,10
SV 22xDVD M600 Silver,44
SV 22xDVD X680 Black,6
SV 22xDVD X680 Silver,47
SV 2GB Laptop memory E800 Black,59
SV 2GB Laptop memory E800 Silver,147
SV 2GB Laptop memory E800 White,142
SV 40GB USB2.0 Portable Hard Disk E400 Blue,145
SV 40GB USB2.0 Portable Hard Disk E400 Red,85
SV 40GB USB2.0 Portable Hard Disk E400 Silver,127
SV 40GB USB2.0 Portable Hard Disk E400 Yellow,102
SV 4GB Laptop Memory M65 Black,85
SV 4GB Laptop Memory M65 Blue,92
SV 4GB Laptop Memory M65 White,48
SV 4GB Laptop Memory M65 Yellow,149
SV 500GB USB 2.0 Portable External Hard Drive X405 Black,10
SV 500GB USB 2.0 Portable External Hard Drive X405 Blue,36
SV 512MB Laptop memory E800 Black,152
SV 512MB Laptop memory E800 Silver,158
SV 512MB Laptop memory E800 White,87
SV 512MB Laptop memory E800 Yellow,88
SV 80GB USB2.0 Portable Hard Disk E500 Blue,143
SV 80GB USB2.0 Portable Hard Disk E500 Red,160
SV 80GB USB2.0 Portable Hard Disk E500 Silver,201
SV 80GB USB2.0 Portable Hard Disk E500 Yellow,119
SV 8xDVD E100 Black,75
SV 8xDVD E100 Silver,156
SV 8xDVD E120 Black,120
SV 8xDVD E120 Silver,90
SV 8xDVD E130 Black,122
SV 8xDVD E130 Silver,117
SV 8xDVD E140 Black,111
SV 8xDVD E140 Silver,82
SV Car Video AM/FM E1000 Black,132
SV Car Video AM/FM E1000 Brown,157
SV Car Video AM/FM E1000 Silver,134
SV Car Video AM/FM E1001 Black,147
SV Car Video AM/FM E1001 Brown,129
SV Car Video AM/FM E1001 Silver,60
SV Car Video LCD7 M7001 Black,76
SV Car Video LCD7 M7001 Brown,52
SV Car Video LCD7 M7001 Silver,126
SV Car Video LCD7 M7002 Black,220
SV Car Video LCD7 M7002 Silver,163
SV Car Video LCD7 M7003 Black,117
SV Car Video LCD7 M7003 Silver,119
SV Car Video LCD7W M7080 Black,222
SV Car Video LCD7W M7080 Brown,104
SV Car Video LCD7W M7080 Silver,165
SV Car Video LCD7W M7081 Black,218
SV Car Video LCD7W M7081 Brown,114
SV Car Video LCD7W M7081 Silver,137
SV Car Video LCD7W M7082 Black,119
SV Car Video LCD7W M7082 Brown,51
SV Car Video LCD7W M7082 Silver,89
SV Car Video LCD9.2W X9280 Black,12
SV Car Video LCD9.2W X9280 Brown,12
SV Car Video LCD9.2W X9281 Black,65
SV Car Video LCD9.2W X9281 Brown,116
SV Car Video LCD9.2W X9281 Silver,46
SV Car Video TFT6.2W E6280 Black,69
SV Car Video TFT6.2W E6280 Brown,162
SV Car Video TFT6.2W E6280 Silver,82
SV Car Video TFT6.2W E6281 Black,168
SV Car Video TFT6.2W E6281 Brown,74
SV Car Video TFT6.2W E6281 Silver,106
SV Car Video TFT6.2W E6282 Black,208
SV Car Video TFT6.2W E6282 Brown,118
SV Car Video TFT6.2W E6282 Silver,146
SV Car Video TFT7 M7000 Black,130
SV Car Video TFT7 M7000 Brown,129
SV Car Video TFT7 M7000 Silver,210
SV Car Video TFT7 M7001 Black,221
SV Car Video TFT7 M7001 Brown,194
SV Car Video TFT7 M7001 Silver,208
SV Car Video TFT7 M7002 Black,115
SV Car Video TFT7 M7002 Brown,103
SV Car Video TFT7 M7002 Silver,223
SV DVD 12-Inch Player Portable M400 Black,107
SV DVD 12-Inch Player Portable M400 Silver,151
SV DVD 12-Inch Player Portable M400 White,88
SV DVD 14-Inch Player Portable L100 Black,108
SV DVD 14-Inch Player Portable L100 Silver,112
SV DVD 14-Inch Player Portable L100 White,36
SV DVD 15-Inch Player Portable L200 Black,151
SV DVD 15-Inch Player Portable L200 Silver,101
SV DVD 15-Inch Player Portable L200 White,172
SV DVD 38 DVD Storage Binder E25 Black,142
SV DVD 38 DVD Storage Binder E25 Red,111
SV DVD 38 DVD Storage Binder E25 Silver,85
SV DVD 48 DVD Storage Binder M50 Black,143
SV DVD 48 DVD Storage Binder M50 Red,157
SV DVD 48 DVD Storage Binder M50 Silver,200
SV DVD 55DVD Storage Binder M56 Black,169
SV DVD 55DVD Storage Binder M56 Red,171
SV DVD 55DVD Storage Binder M56 Silver,107
SV DVD 58 DVD Storage Binder M55 Black,142
SV DVD 58 DVD Storage Binder M55 Red,133
SV DVD 58 DVD Storage Binder M55 Silver,54
SV DVD 60 DVD Storage Binder L20 Black,168
SV DVD 60 DVD Storage Binder L20 Red,118
SV DVD 60 DVD Storage Binder L20 Silver,154
SV DVD 7-Inch Player Portable E200 Black,265
SV DVD 7-Inch Player Portable E200 Silver,90
SV DVD 7-Inch Player Portable E200 White,123
SV DVD 9-Inch Player Portable M300 Black,226
SV DVD 9-Inch Player Portable M300 Silver,111
SV DVD 9-Inch Player Portable M300 White,106
SV DVD External DVD Burner M200 Black,73
SV DVD External DVD Burner M200 Blue,59
SV DVD External DVD Burner M200 Grey,71
SV DVD External DVD Burner M200 Silver,45
SV DVD Movies E100 Yellow,163
SV DVD Player M100 Black,76
SV DVD Player M110 Silver,18
SV DVD Player M120 White,55
SV DVD Player M130 Grey,12
SV DVD Player M140 Gold,23
SV DVD Recorder L200 Black,112
SV DVD Recorder L210 Silver,59
SV DVD Recorder L220 White,122
SV DVD Recorder L230 Grey,113
SV DVD Recorder L240 Gold,25
SV Keyboard E10 Black,70
SV Keyboard E10 Grey,137
SV Keyboard E10 Silver,103
SV Keyboard E10 White,279
SV Keyboard E90 Black,121
SV Keyboard E90 Grey,118
SV Keyboard E90 Silver,184
SV Keyboard E90 White,177
SV PCI Network Adapter E903 Silver,168
SV PCI Network Adapter E904 Silver,228
SV PCI Network Adapter E905 Silver,95
SV Rechargeable Bluetooth Notebook Mouse E80 Black,56
SV Rechargeable Bluetooth Notebook Mouse E80 Grey,112
SV Rechargeable Bluetooth Notebook Mouse E80 Silver,40
SV Rechargeable Bluetooth Notebook Mouse E80 White,48
SV USB Data Cable E600 Black,133
SV USB Data Cable E600 Grey,49
SV USB Data Cable E600 Pink,107
SV USB Data Cable E600 Silver,217
SV USB Sync Charge Cable E700 Black,82
SV USB Sync Charge Cable E700 Blue,72
SV USB Sync Charge Cable E700 Silver,33
SV USB Sync Charge Cable E700 White,89
SV Wireless LAN PCI Network Card Adapter E900 Black,79
SV Wireless LAN PCI Network Card Adapter E901 Black,72
SV Wireless LAN PCI Network Card Adapter E902 Black,76
The Phone Company Finger Touch Screen Phones M30 Black,208
The Phone Company Finger Touch Screen Phones M30 Gold,150
The Phone Company Finger Touch Screen Phones M30 Grey,92
The Phone Company Microsoft Windows Mobile M200 Black,24
The Phone Company Microsoft Windows Mobile M200 Gold,22
The Phone Company Microsoft Windows Mobile M200 Grey,10
The Phone Company Microsoft Windows Mobile M200 White,40
The Phone Company PDA GPS Phone 3.5 inch M910 Black,181
The Phone Company PDA GPS Phone 3.5 inch M910 Silver,148
The Phone Company PDA GPS Phone 3.7 inch M930 Black,12
The Phone Company PDA GPS Phone 3.7 inch M930 Silver,142
The Phone Company PDA GPS Phone 4.7 inch L950 Black,112
The Phone Company PDA GPS Phone 4.7 inch L950 Silver,35
The Phone Company PDA Handheld 3.5 inch M610 Black,186
The Phone Company PDA Handheld 3.5 inch M610 Silver,187
The Phone Company PDA Handheld 3.5 inch M610 White,25
The Phone Company PDA Handheld 3.7 inch M630 Black,188
The Phone Company PDA Handheld 3.7 inch M630 Silver,10
The Phone Company PDA Handheld 3.7 inch M630 White,22
The Phone Company PDA Handheld 4.7 inch L650 Black,125
The Phone Company PDA Handheld 4.7 inch L650 Silver,75
The Phone Company PDA Handheld 4.7 inch L650 White,106
The Phone Company PDA Palm 3.5 inch M810 Black,117
The Phone Company PDA Palm 3.5 inch M810 Silver,172
The Phone Company PDA Palm 3.5 inch M810 White,171
The Phone Company PDA Palm 3.7 inch M830 Black,80
The Phone Company PDA Palm 3.7 inch M830 Silver,23
The Phone Company PDA Palm 3.7 inch M830 White,23
The Phone Company PDA Palm 4.7 inch L850 Black,77
The Phone Company PDA Palm 4.7 inch L850 Silver,118
The Phone Company PDA Palm 4.7 inch L850 White,28
The Phone Company PDA Phone 3.5 inches M320 Black,139
The Phone Company PDA Phone 3.5 inches M320 Silver,187
The Phone Company PDA Phone 3.5 inches M320 White,194
The Phone Company PDA Phone 3.7 inches M340 Black,106
The Phone Company PDA Phone 3.7 inches M340 Silver,92
The Phone Company PDA Phone 3.7 inches M340 White,20
The Phone Company PDA Phone 4.7 inches L360 Black,211
The Phone Company PDA Phone 4.7 inches L360 Silver,8
The Phone Company PDA Phone 4.7 inches L360 White,179
The Phone Company PDA Phone Unlocked 3.5 inches M530 Black,176
The Phone Company PDA Phone Unlocked 3.5 inches M530 Silver,95
The Phone Company PDA Phone Unlocked 3.5 inches M530 White,71
The Phone Company PDA Phone Unlocked 3.7 inches M510 Black,39
The Phone Company PDA Phone Unlocked 3.7 inches M510 Silver,35
The Phone Company PDA Phone Unlocked 3.7 inches M510 White,117
The Phone Company PDA Phone Unlocked 4.7 inches L550 Black,171
The Phone Company PDA Phone Unlocked 4.7 inches L550 Silver,89
The Phone Company PDA Phone Unlocked 4.7 inches L550 White,140
The Phone Company PDA Wifi 3.5-inch M200 Black,128
The Phone Company PDA Wifi 3.5-inch M200 White,12
The Phone Company PDA Wifi 3.7-inch M250 Black,190
The Phone Company PDA Wifi 3.7-inch M250 Silver,49
The Phone Company PDA Wifi 3.7-inch M250 White,163
The Phone Company PDA Wifi 4.7-inch L290 Black,95
The Phone Company PDA Wifi 4.7-inch L290 Silver,28
The Phone Company PDA Wifi 4.7-inch L290 White,171
The Phone Company Pen Touch Screen Phones M320 Gold,166
The Phone Company Pen Touch Screen Phones M320 Grey,107
"The Phone Company Pen Touch Screen Phones-2.6"" M320 Black",129
The Phone Company Sharp Touch Screen Phones M910 Black,118
The Phone Company Sharp Touch Screen Phones M910 Gold,138
The Phone Company Sharp Touch Screen Phones M910 Grey,134
The Phone Company Smart phones 160x160 M26 Black,157
The Phone Company Smart phones 160x160 M26 Gold,216
The Phone Company Smart phones 160x160 M26 Grey,120
The Phone Company Smart phones 160x160 M26 Pink,118
The Phone Company Smart phones 160x160 M26 White,106
The Phone Company Smart phones 320 x 320 M86 Gold,22
The Phone Company Smart phones 320 x 320 M86 Grey,13
The Phone Company Smart phones 320 x 320 M86 Pink,12
The Phone Company Smart phones 320 x 320 M86 White,13
The Phone Company Smart phones 4 GB of Memory M300 Black,43
The Phone Company Smart phones 4 GB of Memory M300 Gold,12
The Phone Company Smart phones 4 GB of Memory M300 Grey,33
The Phone Company Smart phones 4 GB of Memory M300 Pink,35
The Phone Company Smart phones 4 GB of Memory M300 White,10
The Phone Company Smart phones 6-LINE SCREEN M21 Black,162
The Phone Company Smart phones 6-LINE SCREEN M21 Gold,176
The Phone Company Smart phones 6-LINE SCREEN M21 Grey,121
The Phone Company Smart phones 6-LINE SCREEN M21 Pink,110
The Phone Company Smart phones 6-LINE SCREEN M21 White,192
The Phone Company Smart phones 8 GB of Memory M400 Black,81
The Phone Company Smart phones 8 GB of Memory M400 Gold,96
The Phone Company Smart phones 8 GB of Memory M400 Grey,52
The Phone Company Smart phones 8 GB of Memory M400 Pink,117
The Phone Company Smart phones 8 GB of Memory M400 White,98
The Phone Company Smart phones Expert M400 Black,141
The Phone Company Smart phones Expert M400 Gold,132
The Phone Company Smart phones Expert M400 Grey,118
The Phone Company Smart phones Expert M400 Pink,160
The Phone Company Smart phones Expert M400 White,147
The Phone Company Smart phones Unlocked International M800 Black,164
The Phone Company Smart phones Unlocked International M800 Gold,177
The Phone Company Smart phones Unlocked International M800 Grey,179
The Phone Company Smart phones Unlocked International M800 Pink,175
The Phone Company Smart phones Unlocked International M800 White,144
The Phone Company Smart phones Unlocked M300 Black,149
The Phone Company Smart phones Unlocked M300 Gold,76
The Phone Company Smart phones Unlocked M300 Grey,99
The Phone Company Smart phones Unlocked M300 Pink,112
The Phone Company Smart phones Unlocked M300 White,197
The Phone Company Smart phones without camera E100 Black,122
The Phone Company Smart phones without camera E100 Gold,146
The Phone Company Smart phones without camera E100 Grey,78
The Phone Company Smart phones without camera E100 Pink,85
The Phone Company Smart phones without camera E100 White,104
"The Phone Company Touch Screen Phone 1600 TFT-1.4"" L250 Black",185
"The Phone Company Touch Screen Phone 1600 TFT-1.4"" L250 Gold",32
"The Phone Company Touch Screen Phone 1600 TFT-1.4"" L250 Grey",97
"The Phone Company Touch Screen Phone 1600 TFT-2.2"" L200 Black",28
"The Phone Company Touch Screen Phone 1600 TFT-2.2"" L200 Gold",19
"The Phone Company Touch Screen Phone 1600 TFT-2.2"" L200 Grey",84
The Phone Company Touch Screen Phones - CRT M11 Black,213
The Phone Company Touch Screen Phones - CRT M11 Gold,139
The Phone Company Touch Screen Phones - CRT M11 Grey,176
The Phone Company Touch Screen Phones - LCD M12 Black,112
The Phone Company Touch Screen Phones - LCD M12 Gold,94
The Phone Company Touch Screen Phones - LCD M12 Grey,127
"The Phone Company Touch Screen Phones 26-1.4"" M250 Black",170
"The Phone Company Touch Screen Phones 26-1.4"" M250 Gold",110
"The Phone Company Touch Screen Phones 26-1.4"" M250 Grey",142
"The Phone Company Touch Screen Phones 26-2.2"" M200 Black",106
"The Phone Company Touch Screen Phones 26-2.2"" M200 Gold",107
"The Phone Company Touch Screen Phones 26-2.2"" M200 Grey",127
The Phone Company Touch Screen Phones 4-Wire/ Built-in M205 Black,13
The Phone Company Touch Screen Phones 4-Wire/ Built-in M205 Gold,20
The Phone Company Touch Screen Phones 4-Wire/ Built-in M205 Grey,22
The Phone Company Touch Screen Phones 4-Wire/On-wall M302 Black,155
The Phone Company Touch Screen Phones 4-Wire/On-wall M302 Gold,131
The Phone Company Touch Screen Phones 4-Wire/On-wall M302 Grey,104
The Phone Company Touch Screen Phones 5-Wire/Built-in M500 Gold,34
The Phone Company Touch Screen Phones 5-Wire/On-wall M508 Black,111
The Phone Company Touch Screen Phones 5-Wire/On-wall M508 Gold,158
The Phone Company Touch Screen Phones 5-Wire/On-wall M508 Grey,104
The Phone Company Touch Screen Phones Capacitive M908 Black,97
The Phone Company Touch Screen Phones Capacitive M908 Gold,170
The Phone Company Touch Screen Phones Capacitive M908 Grey,206
The Phone Company Touch Screen Phones Infrared M901 Black,85
The Phone Company Touch Screen Phones Infrared M901 Gold,102
The Phone Company Touch Screen Phones Infrared M901 Grey,158
The Phone Company Touch Screen Phones SAW/Built-in M801 Black,79
The Phone Company Touch Screen Phones SAW/Built-in M801 Gold,61
The Phone Company Touch Screen Phones SAW/Built-in M801 Grey,88
The Phone Company Touch Screen Phones SAW/On-wall M806 Black,88
The Phone Company Touch Screen Phones SAW/On-wall M806 Gold,122
The Phone Company Touch Screen Phones SAW/On-wall M806 Grey,142
WWI 1GB Digital Voice Recorder Pen E100 Black,145
WWI 1GB Digital Voice Recorder Pen E100 Pink,42
WWI 1GB Digital Voice Recorder Pen E100 Red,27
WWI 1GB Digital Voice Recorder Pen E100 White,83
WWI 1GB Pulse Smart pen E50 Silver,106
WWI 1GB Pulse Smart pen E50 White,176
WWI 1GBPulse Smart pen E50 Black,143
WWI 2GB Pulse Smart pen M100 Black,137
WWI 2GB Pulse Smart pen M100 Blue,153
WWI 2GB Pulse Smart pen M100 Silver,156
WWI 2GB Pulse Smart pen M100 White,119
WWI 2GB Spy Video Recorder Pen M300 Black,108
WWI 2GB Spy Video Recorder Pen M300 Blue,9
WWI 2GB Spy Video Recorder Pen M300 Silver,24
WWI 2GB Spy Video Recorder Pen M300 White,12
WWI 4GB Video Recording Pen X200 Black,45
WWI 4GB Video Recording Pen X200 Pink,24
WWI 4GB Video Recording Pen X200 Red,60
WWI 4GB Video Recording Pen X200 Yellow,22
WWI CRT17 E106 Black,137
WWI CRT17 E106 White,133
WWI Desktop PC1.60 E1600 Black,340
WWI Desktop PC1.60 E1600 Red,304
WWI Desktop PC1.60 E1600 Silver,304
WWI Desktop PC1.60 E1600 White,246
WWI Desktop PC1.80 E1800 Black,178
WWI Desktop PC1.80 E1800 Brown,174
WWI Desktop PC1.80 E1800 Silver,284
WWI Desktop PC1.80 E1800 White,413
WWI Desktop PC1.80 E1801 Black,181
WWI Desktop PC1.80 E1801 Brown,128
WWI Desktop PC1.80 E1801 Silver,113
WWI Desktop PC1.80 E1801 White,354
WWI Desktop PC1.80 E1802 White,552
WWI Desktop PC2.30 M2300 Black,138
WWI Desktop PC2.30 M2300 Brown,217
WWI Desktop PC2.30 M2300 Silver,217
WWI Desktop PC2.30 M2300 White,129
WWI Desktop PC2.33 X2330 Black,18
WWI Desktop PC2.33 X2330 Brown,16
WWI Desktop PC2.33 X2330 White,6
WWI Desktop PC3.0 M0300 Black,123
WWI Desktop PC3.0 M0300 Silver,172
WWI Laptop12 M0120 Black,202
WWI Laptop12 M0120 White,159
WWI Laptop15 M0150 Black,144
WWI Laptop15 M0150 Blue,87
WWI Laptop15 M0150 White,240
WWI Laptop15.4W M0156 Black,102
WWI Laptop15.4W M0156 White,209
WWI Laptop16 M0160 Black,156
WWI Laptop16 M0160 White,105
WWI Laptop19W X0196 Black,117
WWI Laptop19W X0196 Blue,209
WWI Laptop19W X0196 White,85
WWI Laptop8.9 E0089 Black,99
WWI Laptop8.9 E0089 White,107
WWI LCD17 E200 Black,173
WWI LCD17 E205 White,112
WWI LCD17W E200 Black,188
WWI LCD17W E200 White,188
WWI LCD19 E107 Black,81
WWI LCD19 E107 White,167
WWI LCD19W M100 Black,85
WWI LCD19W M100 White,97
WWI LCD20 M220 Black,58
WWI LCD20 M220 White,21
WWI LCD20W M250 Black,100
WWI LCD20W M250 White,68
WWI LCD22 M2002 Black,118
WWI LCD22 M2002 White,60
WWI LCD22W M2003 Black,61
WWI LCD22W M2003 White,106
WWI LCD24 X300 Black,214
WWI LCD24 X300 White,103
WWI LCD24W X300 Black,22
WWI LCD24W X300 White,19
WWI Projector 1080p DLP86 Black,10
WWI Projector 1080p DLP86 Silver,52
WWI Projector 1080p DLP86 White,58
WWI Projector 1080p LCD86 Black,63
WWI Projector 1080p LCD86 White,43
WWI Projector 480p DLP12 Black,130
WWI Projector 480p DLP12 Silver,132
WWI Projector 480p DLP12 White,150
WWI Projector 480p LCD12 Black,160
WWI Projector 480p LCD12 Silver,93
WWI Projector 480p LCD12 White,125
WWI Projector 720p DLP56 Black,108
WWI Projector 720p DLP56 Silver,116
WWI Projector 720p DLP56 White,161
WWI Projector 720p LCD56 Black,186
WWI Projector 720p LCD56 Silver,141
WWI Projector 720p LCD56 White,95
WWI Screen 100in M1609 Black,220
WWI Screen 100in M1609 White,80
WWI Screen 106in M1609 Black,53
WWI Screen 106in M1609 Silver,80
WWI Screen 106in M1609 White,51
WWI Screen 113in M1610 Black,48
WWI Screen 113in M1610 Silver,72
WWI Screen 113in M1610 White,21
WWI Screen 125in M1611 Black,40
WWI Screen 125in M1611 Silver,10
WWI Screen 125in M1611 White,12
WWI Screen 85in E1010 Black,77
WWI Screen 85in E1010 White,160
WWI Stereo Bluetooth Headphones E1000 Black,172
WWI Stereo Bluetooth Headphones E1000 Blue,73
WWI Stereo Bluetooth Headphones E1000 Green,82
WWI Stereo Bluetooth Headphones E1000 Silver,79
WWI Stereo Bluetooth Headphones E1000 White,119
WWI Stereo Bluetooth Headphones New Generation M370 Black,32
WWI Stereo Bluetooth Headphones New Generation M370 Orange,29
WWI Stereo Bluetooth Headphones New Generation M370 Yellow,22
WWI Wireless Bluetooth Stereo Headphones M170 Black,9
WWI Wireless Bluetooth Stereo Headphones M170 Pink,10
WWI Wireless Bluetooth Stereo Headphones M170 Silver,36
WWI Wireless Bluetooth Stereo Headphones M170 White,10
WWI Wireless Bluetooth Stereo Headphones M270 Black,18
WWI Wireless Bluetooth Stereo Headphones M270 Pink,41
WWI Wireless Bluetooth Stereo Headphones M270 Silver,79
WWI Wireless Bluetooth Stereo Headphones M270 White,30
WWI Wireless Transmitter and Bluetooth Headphones X250 Black,45
WWI Wireless Transmitter and Bluetooth Headphones X250 Blue,65
WWI Wireless Transmitter and Bluetooth Headphones X250 Red,60
WWI Wireless Transmitter and Bluetooth Headphones X250 Silver,60
WWI Wireless Transmitter and Bluetooth Headphones X250 White,48
